,Little interest or pleasure,"Feeling down, depressed, or hopeless, Advice related",Small or too much sleep,Tired or little energy or Time related,Poor appetite or overeating,Feeling or emotion words (-ve),"Concentration trouble, addiction ","Moving or speaking very slowly, restless","Pain, hurt or death","Talking disease symptoms, diagnosis",Antidepressants,Relationship related
0,higher_libido,depression,sleep,new_exhaust,diet,guilt,meditation,anxiety,self_injury,therapy,endorphins,self
1,libido,long_hope,sleep_falling_lucid,shitty_ebay_exhaust,setting_puking_starving,feel,memories,panic_attack,suicides,genetics,zoloft,guess
2,late_night_horniness,hope,just_dreaming_lucid,careers_forget_energy,dietician_surgeon_choice,negative_emotion,brain,cigs_time_biting,scars,diagnosis,prozac,parents
3,libidos,hopes,lucid_dreaming_sessions,early_childhood_nope,underwent_gastric,more_guilt,inability,routine_changed_oily,meds_cutting,week_therapy,anti_psychotics,abusive_mother
4,libido_yes,reincarnation,lucid_dreaming,childhood,poop_come_slightly,much_guilt,attention,panic,self_destruction,therapist,weed,abusive_parents
5,serious_nsfw,want,lucid_dreams,past,diets_decided_plunge,emotion,recall,impulses,attention_scars,anxiety,taking_yes_antidepressants,toxic_alcoholic_abusive_parents
6,nudity,much_help_yea,first_lucid_dreams,early_childhood,leave_terrible_stomach,self_underlying_problem,doubt,first_impulses,scar,therapies,prescription,gore_porn_child_abuse_animal_abuse_racist_ideology
7,sexual_exploration,help,dreaming,time,stopped_eating_fast,hate,inability_know_react,nail_biting_habit,hurting,therapist_weekly,help_taking_lexapro,toxic_parents
8,sex_life_nsfw,much_help,dream,year,psychologist_dietician,own_stupidity,just_inability,nail_biting,cutting,hospitalization,lexapro,attention_parents
9,foreplay_stuff,sorry_long_hope,lucid_dreaming_sessions,child,stool_averaged_hours,insecure,brain_guess_better,nervous_hey,cut,many_therapies,dose_mgs_taking,parents_hell
10,affair_doing_sex,same_problem,dreaming_started,school,feel_better_eat,dirty_fucking_bama_players,able,led_having_panic,cuts,something_genetics,prozac_did,child_pain_issues
11,late_horny_loneliness,problem,dreaming_intentionally,years,congratulations_diet_consists,hard,learn,biting_stressing_need,hurt,nmy_therapy,antidepressants_,know_treat_child
12,dreams_like_sex,problems,aware_dream_feel,evenings,weight_diagnosed,attack,misconception,decline_walking_dead,pain,online_diagnosis,switching_meds_make,attack_deny_child
13,avoid_kind_porn,situation,safe_strange_dreams,regular_days,know_gastric_sleeve,fire,reality,started_waking,razors_knives,treat,meds_kicking_week,death_lot_brothers
14,pleasure_transitioning_real,helped_despite_youth,body_transitioning_sleep,daily_basis,awhile_grossed_weight,screw,attention_card,going_proactive_fix,own_hands,meds,medication_prozac,sign_family_refusing
15,unusual_kink_nsfw,death_grips,dream_feel_body,hurting_hiding_year,diets_worked,thank,open_minds,straps_kind_uncomfortable,razors,causes,,suspended_did_parents
16,race_orgasm,inactivity,strange_dreams_hand,think_years,better_having_fat,sorry,self_illusion_concerned,,nails,cough_hardyz_cough,,abusive_mother_contact
17,losses_watching_girls,hard,just_dreaming,began_early_childhood,immensely_try_eat,nope,depressed_currently_struggling,,razor,schizophrenia,,plan_parents_divorced
18,packages_titillating_undergarments,traumatic_wanted_help,dreams_like_sex,days_doing_normal,healthy_eating_exercise,way_thanks,obviously_reasoning_levels,,damage,family_therapy,,brother_mother_absence
19,doors_lingerie_good,need_support_talk,happens_fall_asleep,absurdly_curious_past,eating_clean_depression,stupid_humor,getting_self_able,,burning,weight_loss,,care_parents_need
20,male_stripper_works,reincarnation_discussed,sleep_state,past_trying,patients_stomach_people,humor,venting_think_freak,,death,psychotic_depression,,father_bipolar_enrolled
21,mature_great_regulars,develop_deck_worries,fall_asleep_trying,decade_psychiatric_community,eaten_feels_different,stupidity,memory_ability_read,,injury,severe_mental_illness,,mother_suicide_plan
22,sing_hobby_adult,leaving_unable_cope,hours_sleep_falling,childhood_abuse_coped,loose_skin_just,damn,denature_weed_addictive,,damaging_thing,therapy_sessions,,view_nif_parents
23,surge_ovulating_today,ea_hoping_soe,dream_setlist_reunion,suicides_school_years,tummy_works_probably,hell,problem_addiction_hard,,knives,individual_therapy,,self_look_self
24,overclocking_yes_interested,waking_hours_sleep,alchemist_brotherhood_dreams,holiday_blotting_reapplying,night_stomach,fire_puking,alcohol,,destruction,natural_weight_loss,,dad_depressive_episodes
25,having_lovegasms_opposed,therapist_felt_open,separate_lucid,dayz_sa_got,craved_control_god,nothing,other_things_alcohol,,doctors,schizophrenics,,family_sober_medicated
26,disinterested_treats,therapist_hope_works,falling_lucid,festival,multiple_different_diets,pride,porn_addiction,,self_harm_ni,antidepressants,,sad_realise_family
27,idea_pleasure_feels,want_disagreements_problems,,exchanged_gel_days,weight_savings_significant,love,tobacco,,self_harm_nsorry,mental_hospital,,dad_looked_cds
28,,drew_deep_sea,,day_force_therapist,end_eating_way,wrongs,just_addicted_really,,suicide_methods_ni,psychotic_depression,,friends_just
29,,seeked_professional_help,,therapists_month_wait,nope_taste_like,self_esteem_low,personality,,last_major_self_harming_session,dissociative_identity_disorder,,harmed_friendships_therapy
30,,help_taking,,,jam_eater_blues,fuck,addictive_personality,,recent_suicide_attempt,disorder,,fake_na_friendship
31,,leaving_unable,,,look_weight_girl,awkward_funny_sexual_experiences,addiction,,suicide_attempt,own_mental_illnesses,,real_friendships
32,,looking_feedback_beat,,,malazan_anime,dirty_motherfucker_refs,watercolor_illustration_mind,,self_harm_something,mental_illness,,friendship_uk_seeking
33,,signs_hahaha_reassuring,,,getting_jam_eater,dark_sun,life_strange_memorabilias,,self_mutilation,mental_illnesses_depression,,stay_friends_poop
34,,mindcrack_comments,,,eating_day_worry,awkward_funny_sexual_experience,self_confidence,,self_harm_nmy_mum,borderline_terminology,,try_make_friends
35,,symbol_think_jesus,,,,usual_mormon_bullshit,self confidence,,proper_suicide_attempt,behavioral_therapy,,make_friends_college
36,,newest_cat_daisy,,,,jealousy,,,suicide_ni,free_therapists,,having_friends_naturally
37,,shadow_priest,,,,people_hurting_far,,,self_harming,mental_illnesses,,lazy_teachers_think
38,,considered_religious_symbol,,,,violent_stories,,,self_harm,therapy,,teacher_student_relationships
39,,cabal_shadow_priest,,,,horror_films,,,nmy_self_harm,psychosis,,student_teacher_suggestions
40,,religious_symbol_think,,,,awesome_japanese_torture_movie,,,suicidal_ni,mental_health_counselor,,mentor_student_teacher_relationship
41,,vs_hardcore_monotheism,,,,asian_horror,,,perfect_suicide_method,bpd,,lazy_teachers
42,,thornhill_masonic_temple,,,,extroverted_teacher_friends,,,suicide_methods,detrimental_mental_illness,,ditching_student_teacher
43,,way_principles_gospel,,,,shit_ton_jericho,,,different_suicide_methods,psych_therapy,,community_really_thinking
44,,lay_holy_words,,,,disrespectful_teacher,,,think_feel_cut,dialectical_behavioral_therapy,,community_feel
45,,night_vale_fan_theories,,,,dark_souls,,,believe_hurt_self,neurotic_mental_illness,,cultural_implications
46,,night_vale_theories,,,,paranoid_thoughts_feelings,,,guilt_plus_suicides,free_therapy,,online_communities
47,,wish_release_similar,,,,disgusting_butt_stuff_mishap_nsfw,,,therapy_cut_anymore,dialectic_behavioral_therapy,,community
48,,survival_game_blew,,,,nworst_match,,,guilt_plus_suicides,mental_illness,,decade_psychiatric_community
49,,tied_medication_forever,,,,worst_match,,,suicides_school_years,intense_therapy,,damage_causes_community
50,,want_fiesta_focus,,,,darkness,,,cuts_happened_scar,mental_health,,
51,,want_complete_commitment,,,,dark_souls_solaire,,,feel_pain,hospitalization,,
52,,try_avoid_holiday,,,,bullshit_calls,,,impulses_hurt,psychiatric_community,,
53,,looking_advice_pm,,,,boring_episode,,,points_thought_death,mental_illness,,
54,,medical_advice_thanks,,,,psycho,,,damage_causes_community,depression_anxiety,,
55,,addiction_thank_advice,,,,bad_acne,,,scars_used_stimulate,current_therapist,,
56,,fix_issues_phone,,,,weird_dressing_room_picture,,,cutting_outlet_anxiety,digestive_system,,
57,,nany_advice_appreciated,,,,positive_thoughts,,,need_self_destruction,own_mental_health,,
58,,teacher_advice_thank,,,,emotion,,,blood_pain,therapist,,
59,,days_advice_help,,,,therapy_good_thank,,,started_hurting,manic_episodes,,
60,,say_thank_advice,,,,felt_felt_guilty,,,problems_cutting,counseling,,
61,,thanks_support_today,,,,cared_way_guilt,,,proud_scar_pride,mental_health_care_facility,,
62,,infected_advice_bad,,,,scar_sorry,,,cut_anymore_attention,grief_counseling_program,,
63,,advice_help_hypomania,,,,memories_childhood_bad,,,cutting_past,therapy,,
64,,advice_bpd_therapy,,,,little_scars_shameful,,,knives_nails_nervous,reset,,
65,,advice_treatment_psychiatrist,,,,sit_anxious_hate,,,explain_reason_hurt,behavioral_therapy,,
66,,try_kidnapping_edit,,,,damaging_thing_experienced,,,learn_pain_want,mindfulness_therapy,,
67,,google_psychopath_definitely,,,,worsening,,,post_ask_cuts,psychiatric_industry,,
68,,pills_gave_hope,,,,worsening_conditioning_circle,,,injury_engaged,emotional_intensity_disorder,,
69,,tried_make_stories,,,,throw_away,,,burning,morbidreality,,
70,,away_peace_guys,,,,experience_jealousy_friends,,,child_cutting_point,anxiety_depression,,
71,,tips_dealing_sex,,,,fuck_insecure,,,hurting_razor_migrated,mental_health,,
72,,instead_smoking_falls,,,,bad_somewhat,,,cut_kind,weight_loss,,
73,,cope_depression_suppress,,,,frustrating_churches_mormon,,,insecure_scars_thighs,depression_diagnosis,,
74,,leave_therapy,,,,negative,,,point_cut_deep,enough_dialectical_behavioral_therapy,,
75,,make_change_lifestyle,,,,dreams_health_questions,,,hurting_hiding_year,mania,,
76,,make_incredibly_daunting,,,,shameful_just,,,method_hurt_oh,psychotic_episodes,,
77,,just_enjoy_time,,,,despite_love_need,,,destructive_attempt_avoid,schizophrenia,,
78,,goal_just_depression,,,,sorry_came,,,serves_cut_lot,severe_depression,,
79,,stop_feeling_self,,,,pride_fades_just,,,death,hormonal_issues,,
80,,definitely_help_motivated,,,,hate_way_easier,,,actually_cutting_doubt,new_meds,,
81,,know_care_problem,,,,reaction,,,satisfying_pulling_hair,mental_health_clinic,,
82,,take_care,,,,blame,,,hair_burning_types,bpd_diagnosis,,
83,,care,,,,lot_repressed,,,knives,real_morbid_reality,,
84,,just_care_feud,,,,elaborate_little_sorry,,,screw,therapy,,
85,,talk_self_care,,,,implications_effected_way,,,hurt_knowing_doing,ptsd_talk,,
86,,events_make_depressed,,,,think_beautiful_ruined,,,ruined_hands,bad_persistent_cough,,
87,,start_beating_mums,,,,vocalize_felt_felt,,,migrated_hurt_knowing,mental_health_care,,
88,,feel_bring_conversation,,,,reality_just_blood,,,did_time_hurt,health_issues,,
89,,like_make_friends,,,,dead_brother_narcissistic,,,know_damage_causes,psychosis,,
90,,improve_longevity_rotors,,,,hospital_bad_experiences,,,years_know_damage,depression,,
91,,mirror_makes,,,,vacation_jealous_having,,,help_self_harm,other_mental_health_patients,,
92,,develop_good_sense,,,,harassed_demanding_forgiveness,,,therapist_suicide,encourage_write_blog,,
93,,learn_lot_therapy,,,,unlocked_scenario_locked,,,feel_tie_clips,adhd_manifests,,
94,,know_struggling_future,,,,treat_yay_congrats,,,think_feel_cut,therapy_figure,,
95,,feel_family_,,,,success_lost_weight,,,believe_hurt_self,therapy_cut_anymore,,
96,,end_relationship_troubled,,,,harmed_friendships_therapy,,,end_boring_episode,therapy_good_thank,,
97,,know_surgery_,,,,bdubs_saying_hates,,,suspension_ligature_suicides,week_therapy_good,,
98,,treatment_surprised_card,,,,cross_symbol_oppression,,,die_help_really,genetics_screw_therapist,,
99,,recommend_adhd_manifests,,,,steering_wheels_ugly,,,artemis_killed_guy,online_diagnosis_therapy,,
100,,negative_stigma_associated,,,,proud_love_riot,,,notice_cannibalism,depression,,
101,,self_respect_issues,,,,rise_tsm_faith,,,disassociate_self_harm,hospitalization_stressful_shameful,,
102,,created_believe_tell,,,,humour_great_really,,,scared_doctor_cuts,dissociated_genetics,,
103,,stigma_examples_listed,,,,resembles_axolotl_great,,,therapy_cut_anymore,anxiety_depression_began,,
104,,opinions_really_pay,,,,waking_feel_heart,,,suicidal_right_lost,really_dissociated_really,,
105,,help_mental_illnesses,,,,thank_dealing_anxiety,,,love_dead_sent,body_kind_therapy,,
106,,leah_spend_time,,,,astounded_surgery,,,cuts_happened_scar,meds_cutting_past,,
107,,surgery_right_direction,,,,thoughts_constantly,,,explain_reason_hurt,stressful,,
108,,professionals_believe_diagnosis,,,,sorry_hugs_happy,,,feel_pain,dig_hole_therapy,,
109,,believe_tell_paint,,,,drum_breaks_hard,,,impulses_hurt,diagnosis,,
110,,think_crazy_genetic,,,,symbol_oppression,,,mother_suicide_plan,need_hospitalization,,
111,,surreal_brainwashed,,,,love_boobies_intense,,,suicides_school_years,symptoms_shared_psychosis,,
112,,return_confirmed_deans,,,,neck_sorry_worry,,,harming_session_youngest,having_psychotic_depression,,
113,,fit_different_corollas,,,,love_riot_pro,,,harming_skipping_therapy,straddled_border_psychosis,,
114,,safe_students_want,,,,hospitalization_stressful_shameful,,,points_thought_death,taking_schizophrenics_different,,
115,,stalking_children_going,,,,experiences_awkward_funny,,,learn_pain_want,advice_bpd_therapy,,
116,,stay_probably,,,,esteem_low_easy,,,acne_super_sensitive,bpd_need_psychiatric,,
117,,pattern_delete_snare,,,,feel_like_skinny,,,need_self_destruction,diet_preparation_surgery,,
118,,future_nhl_starter,,,,self_esteem,,,mean_like_suicidal,oh_medicated_just,,
119,,recent_comments_probably,,,,chapter_change_love,,,enzo_injury_period,youth_rotated_therapies,,
120,,therapy_wish_luck,,,,moving_helped_relationship,,,split_slayers,depression_self_esteem,,
121,,definitely_make_happy,,,,just_jealous,,,body_removed_help,girlfriend_therapy_highly,,
122,,bad_doubt_fjm,,,,post_darksouls_hey,,,soloing_online_alright,mental_illness_accurately,,
123,,debate_ap_board,,,,bigger_gets_jealous,,,,free_therapists,,
124,,previous_ownership_obscure,,,,believe_malcolm_quite,,,,counseling_called,,
125,,compulsion_takes,,,,cared_way_guilt,,,,disassociated_current_therapist,,
126,,outlets_frustrations_therapist,,,,stupid_shit_wilkins,,,,depression_self,,
127,,response_overwhelming_tragedy,,,,fucking_terrifying_putting,,,,dissociative_identity_disorder,,
128,,figure_mental_complex,,,,great_cuddle_sad,,,,weight_loss,,
129,,morbidquestions_leaving_note,,,,talking_worried_disgusts,,,,help_depression_thanks,,
130,,strong_aspects_cd,,,,possessed_periods_violence,,,,digestive_expert_answers,,
131,,deal_disabled_mum,,,,previews_skeeved_mental,,,,starting_psych_therapy,,
132,,anticlimactic_reigns_suspension,,,,extremely_temperamental_scanning,,,,manage_depression_crochet,,
133,,plays_abuses_freelo,,,,afraid_going_sued,,,,beginning_therapy_useless,,
134,,health_papers_cite,,,,themes_disappointment,,,,originally_called_borderline,,
135,,season_jeff_centered,,,,chewing_leg_makes,,,,depression_finding,,
136,,room_rearranged_texted,,,,insults_points_defend,,,,bipolar_went_intense,,
137,,prying,,,,finger_broke_month,,,,mandated_family_therapy,,
138,,let_prying_damaging,,,,bleu_cheese_harmful,,,,wall_close_schizophrenia,,
139,,believe_invoke_discussion,,,,consecutive_kills_feels,,,,telling_surgery_struggled,,
140,,supremacists_counterproductive,,,,positives_days_faint,,,,therapist_coping_skills,,
141,,hands_stupidity_want,,,,just_depression,,,,preparation_surgery_counselling,,
142,,know_explain_reason,,,,higher_tiers_doomed,,,,impossible_lose_weight,,
143,,sun_eberron_suggestions,,,,groundskeepers_ashamed_man,,,,manic_depressive_periods,,
144,,stop_nails_cigs,,,,choice_shitty_freelance,,,,referred_grief_counseling,,
145,,mario_roommate_banned,,,,wresking_havoc_relationship,,,,help_mental_illnesses,,
146,,cats_alike_issue,,,,bullshit_rule_yards,,,,psych_therapy,,
147,,need_self,,,,adamant_power_creep,,,,thing_depression_self,,
148,,contributing_just_positive,,,,schizophrenia_actually_pretty,,,,therapy_figured_problem,,
149,,complaining_boring_cheeze,,,,tips_suck_harmonies,,,,bin_mental_illness,,
150,,getting_self,,,,thought_help_depression,,,,therapy_recounted_time,,
151,,,,,,hear_sorry,,,,illnesses_depression_manifest,,
152,,,,,,confused_getting_arrested,,,,started_couples_counseling,,
153,,,,,,awkward_canadian_syrup,,,,surgery_changed_lifei,,
154,,,,,,tons_tons_racist,,,,weight_talking_surgeon,,
155,,,,,,blade_pills_regret,,,,year_decide_surgery,,
156,,,,,,embarrassing_self_confidence,,,,intensity_disorder_simply,,
157,,,,,,cancer_afterward_engaged,,,,grasp_mental_health,,
158,,,,,,lying_cancer,,,,repetitively_think_seen,,
159,,,,,,good_bye_horses,,,,psych_therapy_figured,,
160,,,,,,rape_abomination_sad,,,,psychosis_real_excellent,,
161,,,,,,legs_handle_weight,,,,open_depression_psychosis,,
162,,,,,,hyper_honest,,,,order_believe_surgery,,
163,,,,,,story_survived_molestation,,,,dialectic_behavioral_therapy,,
164,,,,,,dog_story_upset,,,,depression_finding_root,,
165,,,,,,riot,,,,morbidreality_http_www,,
166,,,,,,emo_faggots_telling,,,,lied_therapist_let,,
167,,,,,,great_conversation,,,,person_starting_psych,,
168,,,,,,such_great_conversation_starters,,,,psychologist_dietician,,
169,,,,,,therapies_thank_proud,,,,depression,,
170,,,,,,dropped_zombie,,,,depression_diagnosis_came,,
171,,,,,,think_zombie,,,,surgeon_specialist_informed,,
172,,,,,,just_make_zombie,,,,tests_progesterone_got,,
173,,,,,,nostalgic_limited_edition,,,,day_surgery_finally,,
174,,,,,,scary_parallels_history,,,,money_private_therapist,,
175,,,,,,cage_cats_shelter,,,,included_budget_need,,
176,,,,,,says_criticism_little,,,,fact_wearing_carelessly,,
177,,,,,,therapy_good_thank,,,,severe_social_anxiety,,
178,,,,,,offensive_psychiatrist_thanks,,,,ptsd_talk,,
179,,,,,,thinking_cool_wear,,,,lethargic_stressful_exercising,,
180,,,,,,strong_thoughts_alternating,,,,hallucinations_voices_acting,,
181,,,,,,led_sewing_happy,,,,therapy_figure_triggers,,
182,,,,,,perpetrators_make_world,,,,depressed_talk_help,,
183,,,,,,sign_zed_disappointing,,,,ask_mental,,
184,,,,,,thank_totally_fall,,,,like_therapist_court,,
185,,,,,,muster_spells_place,,,,slowly_trying_depression,,
186,,,,,,great_insurance_stopped,,,,depression_affect_relationship,,
187,,,,,,jokes_unjust_meth,,,,recommend_portrays_mental,,
188,,,,,,,,,,finding_correct_treatment,,
189,,,,,,,,,,sleeve_procedure_involves,,
190,,,,,,,,,,scale_therapy,,
191,,,,,,,,,,lbs_total_depression,,
192,,,,,,,,,,mental_health_clinic,,
193,,,,,,,,,,just_depression_finding,,
194,,,,,,,,,,starting_psych,,
195,,,,,,,,,,symptoms_depression_sure,,
196,,,,,,,,,,hospitalization_stressful_shameful,,
197,,,,,,,,,,therapy,,
198,,,,,,,,,,therapy_figured,,
199,,,,,,,,,,discussing_therapist_slowly,,
200,,,,,,,,,,surgery_kilograms,,
201,,,,,,,,,,dissociated_genetics,,
202,,,,,,,,,,locked_told_counselor,,
203,,,,,,,,,,sessions_beginning_diagnosis,,
204,,,,,,,,,,harming_skipping_therapy,,
205,,,,,,,,,,young_think_diagnosis,,
206,,,,,,,,,,make_appointment_lots,,
207,,,,,,,,,,got_second_bray,,
208,,,,,,,,,,therapist_just_scare,,
209,,,,,,,,,,thing_depression,,
210,,,,,,,,,,catatonia_severe,,
211,,,,,,,,,,felt_nearly_manic,,
212,,,,,,,,,,different_antidepressants_help,,
213,,,,,,,,,,started_feeling_sadness,,
214,,,,,,,,,,felt_felt_guilty,,
215,,,,,,,,,,feeling_suicidal,,
216,,,,,,,,,,cough_syrup_did,,
217,,,,,,,,,,took_anti_depressants,,
218,,,,,,,,,,blocked_email_address,,
219,,,,,,,,,,mouth_faster_thoughts,,
220,,,,,,,,,,crying_got_kind,,
221,,,,,,,,,,cutting_outlet_anxiety,,
222,,,,,,,,,,scars_used_stimulate,,
223,,,,,,,,,,depressed_ponies_supposed,,
224,,,,,,,,,,overwhelmed_paranoid,,
225,,,,,,,,,,neurosis,,
226,,,,,,,,,,dark_explore_really,,
227,,,,,,,,,,amorality_empathy_hallucinations,,
228,,,,,,,,,,love_person_anorexia,,
229,,,,,,,,,,wellness_violation,,
230,,,,,,,,,,longer_manic_episodes,,
231,,,,,,,,,,cards_cough_drakonid,,
232,,,,,,,,,,planet_just_slopes,,
233,,,,,,,,,,pregnancy_grrr,,
234,,,,,,,,,,psychiatrist_thanks,,
235,,,,,,,,,,pregnancy_thanks,,
236,,,,,,,,,,expected_aftermarket_head,,
237,,,,,,,,,,similar_issue_nail,,
238,,,,,,,,,,ignorant_years_therapy,,
239,,,,,,,,,,abuse_helped_distance,,
240,,,,,,,,,,depression_social,,
